﻿<?xml version="1.0" encoding="utf-8"?>
<PersistableFontDetails xmlns:xsd="http://www.w3.org/2001/XMLSchema" xmlns:xsi="http://www.w3.org/2001/XMLSchema-instance">
  <Letterset>ABCDEFGHIJKLMNOPQRSTUVWXYZabcdefghijklmnopqrstuvwxyz0123456789.,;:?!-_~#"'&amp;()[]|`\/@°+=*$£€&lt;&gt;%</Letterset>
  <AdjustHeight>0</AdjustHeight>
  <AdjustWidth>0</AdjustWidth>
  <SampleText>Jonas Robertsson</SampleText>
  <ShiftHorz>1</ShiftHorz>
  <ShiftVert>0</ShiftVert>
  <ShowGrid>true</ShowGrid>
  <ShowBoundary>false</ShowBoundary>
  <Size>9</Size>
  <StrikeOut>false</StrikeOut>
  <Underline>false</Underline>
  <IsFill>true</IsFill>
  <IsOutlineOne>false</IsOutlineOne>
  <IsOutlineTwo>false</IsOutlineTwo>
  <IsShadow>false</IsShadow>
  <OutlineOneWidth>1</OutlineOneWidth>
  <OutlineTwoWidth>2</OutlineTwoWidth>
  <ShadowWidth>4</ShadowWidth>
  <ShadowOffsetX>4</ShadowOffsetX>
  <ShadowOffsetY>4</ShadowOffsetY>
  <FontStyleDisplayName>Regular</FontStyleDisplayName>
  <Height>13</Height>
  <Width>11</Width>
  <FontFamilyName>Pixel Dev GP - Standard</FontFamilyName>
  <FontStyleName>Normal</FontStyleName>
  <FontStretchName>Normal</FontStretchName>
  <FontWeightName>Normal</FontWeightName>
  <FillColourName>#FF000000</FillColourName>
  <OutlineOneColourName>#FF008000</OutlineOneColourName>
  <OutlineTwoColourName>#FFFF0000</OutlineTwoColourName>
  <ShadowColourName>#80000000</ShadowColourName>
  <SampleBackgroundColourName>#FFFFFFFF</SampleBackgroundColourName>
</PersistableFontDetails>